Registration Date,Count
01.01.2011,2
01.01.2012,2
01.01.2013,1
01.01.2014,1
01.01.2017,1
01.01.2018,1
01.01.2022,3
01.01.2023,1
01.01.2025,1
01.02.2011,45
01.02.2012,12
01.02.2013,15
01.02.2014,7
01.02.2017,21
01.02.2018,18
01.02.2019,18
01.02.2020,5
01.02.2021,11
01.02.2022,17
01.02.2023,12
01.02.2024,15
01.02.2025,7
01.03.2011,33
01.03.2012,16
01.03.2013,18
01.03.2014,5
01.03.2017,19
01.03.2018,9
01.03.2019,13
01.03.2020,5
01.03.2021,62
01.03.2022,6
01.03.2023,15
01.03.2024,13
01.03.2025,3
01.04.2011,26
01.04.2012,3
01.04.2013,13
01.04.2014,8
01.04.2017,6
01.04.2018,5
01.04.2019,14
01.04.2020,6
01.04.2021,19
01.04.2022,9
01.04.2023,3
01.04.2024,18
01.04.2025,10
01.05.2011,5
01.05.2012,11
01.05.2013,7
01.05.2014,17
01.05.2017,11
01.05.2018,15
01.05.2019,7
01.05.2020,5
01.05.2021,3
01.05.2022,5
01.05.2023,12
01.05.2024,10
01.05.2025,6
01.06.2011,11
01.06.2012,10
01.06.2013,10
01.06.2017,10
01.06.2018,6
01.06.2020,11
01.06.2021,20
01.06.2022,8
01.06.2023,14
01.06.2024,2
01.06.2025,3
01.07.2011,8
01.07.2012,2
01.07.2013,19
01.07.2016,18
01.07.2017,7
01.07.2018,3
01.07.2019,7
01.07.2020,9
01.07.2021,14
01.07.2022,10
01.07.2023,3
01.07.2024,13
01.07.2025,15
01.08.2011,19
01.08.2012,10
01.08.2013,18
01.08.2016,21
01.08.2017,10
01.08.2018,13
01.08.2019,15
01.08.2020,1
01.08.2021,4
01.08.2022,12
01.08.2023,11
01.08.2024,10
01.08.2025,5
01.09.2011,13
01.09.2012,3
01.09.2013,3
01.09.2016,16
01.09.2017,5
01.09.2018,5
01.09.2019,2
01.09.2020,11
01.09.2021,11
01.09.2022,8
01.09.2023,12
01.09.2024,1
01.09.2025,17
01.10.2011,5
01.10.2013,18
01.10.2016,5
01.10.2017,8
01.10.2018,7
01.10.2019,7
01.10.2020,7
01.10.2021,13
01.10.2022,3
01.10.2023,5
01.10.2024,10
01.10.2025,8
01.11.2011,14
01.11.2012,1
01.11.2013,16
01.11.2016,22
01.11.2017,2
01.11.2018,8
01.11.2019,9
01.11.2020,5
01.11.2021,12
01.11.2022,9
01.11.2023,9
01.11.2024,8
01.11.2025,3
01.12.2011,10
01.12.2012,2
01.12.2013,9
01.12.2016,24
01.12.2017,5
01.12.2018,3
01.12.2019,11
01.12.2020,12
01.12.2021,35
01.12.2022,13
01.12.2023,7
02.01.2011,10
02.01.2013,3
02.01.2014,2
02.01.2017,3
02.01.2018,1
02.01.2019,3
02.01.2020,4
02.01.2021,1
02.01.2022,2
02.01.2023,2
02.01.2025,2
02.02.2011,50
02.02.2012,28
02.02.2013,12
02.02.2014,6
02.02.2017,23
02.02.2018,19
02.02.2019,6
02.02.2020,5
02.02.2021,8
02.02.2022,10
02.02.2023,10
02.02.2024,17
02.02.2025,5
02.03.2011,27
02.03.2012,9
02.03.2013,8
02.03.2014,5
02.03.2017,10
02.03.2018,12
02.03.2019,4
02.03.2020,5
02.03.2021,38
02.03.2022,8
02.03.2023,23
02.03.2024,4
02.03.2025,4
02.04.2011,5
02.04.2012,12
02.04.2013,18
02.04.2014,16
02.04.2017,4
02.04.2018,16
02.04.2019,15
02.04.2020,4
02.04.2021,14
02.04.2022,3
02.04.2023,8
02.04.2024,12
02.04.2025,12
02.05.2011,20
02.05.2012,7
02.05.2013,13
02.05.2014,11
02.05.2017,14
02.05.2018,5
02.05.2019,9
02.05.2020,1
02.05.2021,2
02.05.2022,13
02.05.2023,12
02.05.2024,6
02.05.2025,9
02.06.2011,17
02.06.2012,3
02.06.2013,2
02.06.2017,13
02.06.2018,7
02.06.2019,3
02.06.2020,5
02.06.2021,21
02.06.2022,10
02.06.2023,12
02.06.2024,2
02.06.2025,5
02.07.2011,5
02.07.2012,11
02.07.2013,15
02.07.2016,8
02.07.2017,3
02.07.2018,14
02.07.2019,14
02.07.2020,9
02.07.2021,20
02.07.2022,6
02.07.2023,1
02.07.2024,15
02.07.2025,12
02.08.2011,14
02.08.2012,11
02.08.2013,15
02.08.2016,11
02.08.2017,16
02.08.2018,11
02.08.2019,14
02.08.2020,7
02.08.2021,11
02.08.2022,19
02.08.2023,12
02.08.2024,17
02.08.2025,1
02.09.2011,8
02.09.2012,4
02.09.2013,22
02.09.2016,25
02.09.2017,5
02.09.2018,3
02.09.2019,14
02.09.2020,13
02.09.2021,11
02.09.2022,10
02.09.2023,4
02.09.2024,12
02.09.2025,10
02.10.2011,3
02.10.2012,5
02.10.2013,10
02.10.2016,4
02.10.2017,14
02.10.2018,5
02.10.2019,10
02.10.2020,9
02.10.2021,2
02.10.2022,3
02.10.2023,14
02.10.2024,14
02.10.2025,14
02.11.2011,9
02.11.2012,2
02.11.2013,5
02.11.2016,16
02.11.2017,9
02.11.2018,6
02.11.2019,9
02.11.2020,8
02.11.2021,7
02.11.2022,14
02.11.2023,10
02.11.2024,1
02.11.2025,6
02.12.2011,15
02.12.2012,4
02.12.2013,23
02.12.2016,9
02.12.2017,2
02.12.2018,1
02.12.2019,11
02.12.2020,11
02.12.2021,62
02.12.2022,13
02.12.2023,3
02.12.2024,10
03.01.2011,38
03.01.2012,13
03.01.2013,10
03.01.2014,12
03.01.2017,15
03.01.2018,7
03.01.2019,17
03.01.2020,5
03.01.2022,10
03.01.2023,5
03.01.2024,5
03.01.2025,7
03.02.2011,39
03.02.2012,21
03.02.2013,7
03.02.2014,17
03.02.2017,18
03.02.2018,7
03.02.2019,7
03.02.2020,15
03.02.2021,11
03.02.2022,8
03.02.2023,13
03.02.2024,4
03.02.2025,11
03.03.2011,19
03.03.2012,2
03.03.2013,8
03.03.2014,8
03.03.2017,5
03.03.2018,5
03.03.2019,6
03.03.2020,7
03.03.2021,33
03.03.2022,1
03.03.2023,8
03.03.2024,2
03.03.2025,2
03.04.2011,9
03.04.2012,19
03.04.2013,22
03.04.2014,10
03.04.2017,21
03.04.2018,6
03.04.2019,14
03.04.2020,5
03.04.2021,3
03.04.2022,2
03.04.2023,27
03.04.2024,12
03.04.2025,12
03.05.2011,17
03.05.2012,8
03.05.2013,2
03.05.2014,2
03.05.2017,10
03.05.2018,11
03.05.2019,22
03.05.2020,6
03.05.2021,3
03.05.2022,9
03.05.2023,8
03.05.2024,1
03.06.2011,16
03.06.2012,6
03.06.2013,20
03.06.2017,3
03.06.2018,3
03.06.2019,6
03.06.2020,14
03.06.2021,16
03.06.2022,14
03.06.2023,2
03.06.2024,17
03.06.2025,16
03.07.2011,13
03.07.2012,16
03.07.2013,16
03.07.2016,9
03.07.2017,14
03.07.2018,10
03.07.2019,10
03.07.2020,13
03.07.2021,4
03.07.2022,3
03.07.2023,10
03.07.2024,9
03.07.2025,12
03.08.2011,10
03.08.2012,17
03.08.2013,4
03.08.2016,23
03.08.2017,15
03.08.2018,6
03.08.2019,2
03.08.2020,5
03.08.2021,17
03.08.2022,15
03.08.2023,9
03.08.2024,1
03.08.2025,1
03.09.2011,6
03.09.2012,12
03.09.2013,20
03.09.2016,9
03.09.2017,6
03.09.2018,7
03.09.2019,11
03.09.2020,3
03.09.2021,13
03.09.2022,2
03.09.2023,2
03.09.2024,13
03.09.2025,7
03.10.2011,17
03.10.2012,5
03.10.2013,20
03.10.2016,19
03.10.2017,11
03.10.2018,7
03.10.2019,5
03.10.2020,2
03.10.2021,2
03.10.2022,16
03.10.2023,16
03.10.2024,15
03.10.2025,6
03.11.2011,7
03.11.2012,3
03.11.2013,4
03.11.2016,15
03.11.2017,7
03.11.2018,7
03.11.2019,5
03.11.2020,8
03.11.2021,9
03.11.2022,15
03.11.2023,9
03.11.2024,2
03.11.2025,9
03.12.2011,9
03.12.2012,9
03.12.2013,11
03.12.2016,7
03.12.2017,3
03.12.2018,16
03.12.2019,7
03.12.2020,9
03.12.2021,43
03.12.2022,4
03.12.2023,1
03.12.2024,16
04.01.2011,48
04.01.2012,16
04.01.2013,14
04.01.2014,7
04.01.2017,19
04.01.2018,8
04.01.2019,7
04.01.2020,3
04.01.2021,1
04.01.2022,6
04.01.2023,3
04.01.2024,7
04.01.2025,3
04.02.2011,42
04.02.2012,4
04.02.2013,19
04.02.2014,23
04.02.2017,12
04.02.2018,6
04.02.2019,23
04.02.2020,10
04.02.2021,8
04.02.2022,10
04.02.2023,5
04.02.2024,5
04.02.2025,16
04.03.2011,37
04.03.2012,4
04.03.2013,12
04.03.2014,15
04.03.2017,9
04.03.2018,8
04.03.2019,14
04.03.2020,13
04.03.2021,80
04.03.2022,9
04.03.2023,5
04.03.2024,17
04.03.2025,15
04.04.2011,31
04.04.2012,23
04.04.2013,20
04.04.2014,10
04.04.2017,14
04.04.2018,14
04.04.2019,11
04.04.2020,2
04.04.2021,3
04.04.2022,18
04.04.2023,14
04.04.2024,8
04.04.2025,6
04.05.2011,25
04.05.2012,5
04.05.2013,5
04.05.2014,4
04.05.2017,9
04.05.2018,7
04.05.2019,2
04.05.2020,3
04.05.2021,10
04.05.2022,5
04.05.2023,9
04.05.2024,1
04.05.2025,2
04.06.2011,3
04.06.2012,12
04.06.2013,30
04.06.2017,2
04.06.2018,11
04.06.2019,4
04.06.2020,9
04.06.2021,16
04.06.2022,1
04.06.2024,15
04.06.2025,4
04.07.2011,10
04.07.2012,11
04.07.2013,17
04.07.2016,17
04.07.2017,8
04.07.2018,5
04.07.2019,7
04.07.2020,5
04.07.2021,3
04.07.2022,11
04.07.2023,15
04.07.2024,10
04.07.2025,6
04.08.2011,15
04.08.2012,3
04.08.2013,3
04.08.2016,18
04.08.2017,13
04.08.2018,5
04.08.2019,3
04.08.2020,11
04.08.2021,20
04.08.2022,12
04.08.2023,11
04.08.2024,3
04.08.2025,13
04.09.2011,4
04.09.2012,14
04.09.2013,12
04.09.2016,3
04.09.2017,13
04.09.2018,6
04.09.2019,12
04.09.2020,10
04.09.2021,1
04.09.2022,3
04.09.2023,12
04.09.2024,7
04.09.2025,11
04.10.2011,11
04.10.2012,3
04.10.2013,9
04.10.2016,12
04.10.2017,11
04.10.2018,10
04.10.2019,9
04.10.2020,6
04.10.2021,13
04.10.2022,16
04.10.2023,16
04.10.2024,6
04.10.2025,3
04.11.2011,3
04.11.2012,5
04.11.2013,12
04.11.2016,11
04.11.2017,3
04.11.2018,2
04.11.2019,9
04.11.2020,9
04.11.2021,7
04.11.2022,10
04.11.2023,2
04.11.2024,11
04.11.2025,7
04.12.2011,4
04.12.2012,10
04.12.2013,16
04.12.2016,5
04.12.2017,17
04.12.2018,15
04.12.2019,15
04.12.2020,7
04.12.2021,9
04.12.2022,5
04.12.2023,22
04.12.2024,16
05.01.2011,56
05.01.2012,18
05.01.2013,4
05.01.2014,7
05.01.2017,16
05.01.2018,13
05.01.2019,3
05.01.2020,4
05.01.2021,3
05.01.2022,9
05.01.2023,10
05.01.2024,4
05.01.2025,7
05.02.2011,21
05.02.2012,6
05.02.2013,28
05.02.2014,20
05.02.2017,5
05.02.2018,17
05.02.2019,7
05.02.2020,17
05.02.2021,9
05.02.2022,2
05.02.2023,3
05.02.2024,16
05.02.2025,14
05.03.2011,17
05.03.2012,14
05.03.2013,13
05.03.2014,23
05.03.2017,7
05.03.2018,21
05.03.2019,11
05.03.2020,10
05.03.2021,57
05.03.2022,5
05.03.2023,5
05.03.2024,11
05.03.2025,5
05.04.2011,32
05.04.2012,13
05.04.2013,24
05.04.2014,8
05.04.2017,17
05.04.2018,13
05.04.2019,5
05.04.2020,3
05.04.2021,11
05.04.2022,10
05.04.2023,10
05.04.2024,6
05.04.2025,4
05.05.2011,17
05.05.2012,7
05.05.2014,11
05.05.2017,7
05.05.2018,7
05.05.2019,4
05.05.2020,4
05.05.2021,10
05.05.2022,6
05.05.2023,6
05.05.2024,1
05.05.2025,6
05.06.2011,9
05.06.2012,13
05.06.2013,24
05.06.2017,14
05.06.2018,20
05.06.2019,12
05.06.2020,9
05.06.2021,4
05.06.2022,1
05.06.2023,16
05.06.2024,12
05.06.2025,10
05.07.2011,18
05.07.2012,13
05.07.2013,15
05.07.2016,15
05.07.2017,13
05.07.2018,9
05.07.2019,6
05.07.2020,3
05.07.2021,14
05.07.2022,15
05.07.2023,5
05.07.2024,7
05.07.2025,2
05.08.2011,7
05.08.2012,3
05.08.2013,18
05.08.2016,12
05.08.2017,6
05.08.2018,3
05.08.2019,12
05.08.2020,11
05.08.2021,12
05.08.2022,20
05.08.2023,4
05.08.2024,20
05.08.2025,7
05.09.2011,12
05.09.2012,9
05.09.2013,13
05.09.2016,12
05.09.2017,9
05.09.2018,7
05.09.2019,12
05.09.2020,3
05.09.2021,7
05.09.2022,10
05.09.2023,7
05.09.2024,6
05.09.2025,16
05.10.2011,16
05.10.2012,6
05.10.2013,7
05.10.2016,21
05.10.2017,10
05.10.2018,6
05.10.2020,6
05.10.2021,20
05.10.2022,17
05.10.2023,12
05.10.2024,2
05.10.2025,5
05.11.2011,2
05.11.2012,8
05.11.2013,16
05.11.2016,8
05.11.2017,2
05.11.2018,10
05.11.2019,6
05.11.2020,5
05.11.2021,11
05.11.2022,4
05.11.2023,10
05.11.2024,13
05.11.2025,17
05.12.2011,14
05.12.2012,16
05.12.2013,21
05.12.2016,29
05.12.2017,18
05.12.2018,11
05.12.2019,12
05.12.2020,5
05.12.2021,11
05.12.2022,19
05.12.2023,24
05.12.2024,10
06.01.2011,56
06.01.2012,16
06.01.2013,4
06.01.2014,18
06.01.2017,16
06.01.2018,7
06.01.2019,3
06.01.2020,10
06.01.2021,5
06.01.2022,8
06.01.2023,3
06.01.2024,7
06.01.2025,7
06.02.2011,17
06.02.2012,16
06.02.2013,33
06.02.2014,15
06.02.2017,18
06.02.2018,21
06.02.2019,8
06.02.2020,14
06.02.2021,5
06.02.2022,4
06.02.2023,11
06.02.2024,8
06.02.2025,13
06.03.2011,9
06.03.2012,13
06.03.2013,16
06.03.2014,18
06.03.2017,23
06.03.2018,12
06.03.2019,23
06.03.2020,14
06.03.2021,14
06.03.2022,4
06.03.2023,18
06.03.2024,7
06.03.2025,17
06.04.2011,28
06.04.2012,12
06.04.2013,2
06.04.2014,7
06.04.2017,17
06.04.2018,6
06.04.2019,11
06.04.2020,4
06.04.2021,19
06.04.2022,8
06.04.2023,11
06.04.2024,4
06.04.2025,2
06.05.2011,13
06.05.2012,1
06.05.2013,6
06.05.2014,11
06.05.2017,3
06.05.2018,5
06.05.2019,13
06.05.2020,1
06.05.2021,5
06.05.2022,13
06.05.2023,2
06.05.2025,3
06.06.2011,27
06.06.2012,15
06.06.2013,17
06.06.2017,21
06.06.2018,10
06.06.2019,7
06.06.2020,3
06.06.2021,6
06.06.2022,11
06.06.2023,6
06.06.2024,12
06.06.2025,4
06.07.2011,15
06.07.2012,12
06.07.2013,10
06.07.2016,29
06.07.2017,10
06.07.2018,4
06.07.2019,8
06.07.2020,14
06.07.2021,22
06.07.2022,16
06.07.2023,10
06.07.2024,2
06.07.2025,3
06.08.2011,2
06.08.2012,15
06.08.2013,15
06.08.2016,1
06.08.2017,6
06.08.2018,8
06.08.2019,17
06.08.2020,8
06.08.2021,8
06.08.2022,2
06.08.2023,4
06.08.2024,7
06.08.2025,11
06.09.2011,24
06.09.2012,9
06.09.2013,7
06.09.2016,10
06.09.2017,15
06.09.2018,7
06.09.2019,6
06.09.2020,4
06.09.2021,30
06.09.2022,18
06.09.2023,9
06.09.2024,18
06.09.2025,3
06.10.2011,10
06.10.2012,2
06.10.2013,5
06.10.2016,13
06.10.2017,13
06.10.2018,4
06.10.2019,7
06.10.2020,7
06.10.2021,11
06.10.2022,14
06.10.2023,8
06.10.2025,22
06.11.2011,3
06.11.2012,8
06.11.2013,15
06.11.2016,3
06.11.2017,4
06.11.2018,7
06.11.2019,7
06.11.2020,6
06.11.2021,1
06.11.2022,7
06.11.2023,14
06.11.2024,8
06.11.2025,14
06.12.2011,14
06.12.2012,13
06.12.2013,12
06.12.2016,25
06.12.2017,19
06.12.2018,8
06.12.2019,13
06.12.2020,5
06.12.2021,26
06.12.2022,17
06.12.2023,16
06.12.2024,9
07.01.2011,8
07.01.2012,5
07.01.2013,11
07.01.2014,6
07.01.2017,6
07.01.2018,3
07.01.2019,5
07.01.2020,6
07.01.2022,3
07.01.2023,5
07.01.2025,2
07.02.2011,39
07.02.2012,29
07.02.2013,28
07.02.2014,17
07.02.2017,13
07.02.2018,16
07.02.2019,10
07.02.2020,6
07.02.2021,3
07.02.2022,10
07.02.2023,15
07.02.2024,10
07.02.2025,13
07.03.2011,25
07.03.2012,12
07.03.2013,14
07.03.2014,15
07.03.2017,14
07.03.2018,9
07.03.2019,5
07.03.2020,6
07.03.2021,54
07.03.2022,13
07.03.2023,15
07.03.2024,11
07.03.2025,6
07.04.2011,26
07.04.2012,3
07.04.2013,2
07.04.2014,16
07.04.2017,6
07.04.2018,5
07.04.2019,4
07.04.2020,3
07.04.2021,18
07.04.2022,9
07.04.2023,8
07.04.2025,16
07.05.2011,8
07.05.2012,11
07.05.2013,26
07.05.2014,16
07.05.2017,2
07.05.2018,13
07.05.2019,5
07.05.2020,3
07.05.2021,11
07.05.2022,7
07.05.2023,3
07.05.2024,9
07.05.2025,14
07.06.2011,20
07.06.2012,15
07.06.2013,13
07.06.2017,18
07.06.2018,11
07.06.2019,14
07.06.2020,2
07.06.2021,11
07.06.2022,5
07.06.2023,18
07.06.2024,9
07.06.2025,4
07.07.2011,16
07.07.2012,8
07.07.2013,6
07.07.2016,15
07.07.2017,10
07.07.2018,3
07.07.2019,3
07.07.2020,7
07.07.2021,13
07.07.2022,14
07.07.2023,16
07.07.2024,13
07.07.2025,6
07.08.2011,3
07.08.2012,8
07.08.2013,17
07.08.2016,7
07.08.2017,14
07.08.2018,11
07.08.2019,13
07.08.2020,6
07.08.2021,4
07.08.2022,3
07.08.2023,19
07.08.2024,9
07.08.2025,5
07.09.2011,14
07.09.2012,4
07.09.2013,7
07.09.2016,12
07.09.2017,12
07.09.2018,10
07.09.2019,6
07.09.2020,13
07.09.2021,9
07.09.2022,11
07.09.2023,7
07.09.2024,3
07.09.2025,3
07.10.2011,12
07.10.2012,1
07.10.2013,15
07.10.2016,17
07.10.2017,1
07.10.2018,5
07.10.2019,15
07.10.2020,9
07.10.2021,18
07.10.2022,11
07.10.2024,10
07.10.2025,7
07.11.2011,9
07.11.2012,5
07.11.2013,19
07.11.2016,15
07.11.2017,7
07.11.2018,8
07.11.2019,7
07.11.2020,2
07.11.2021,2
07.11.2022,14
07.11.2023,12
07.11.2024,7
07.11.2025,16
07.12.2011,15
07.12.2012,13
07.12.2013,7
07.12.2016,21
07.12.2017,11
07.12.2018,9
07.12.2019,7
07.12.2020,13
07.12.2021,17
07.12.2022,17
07.12.2023,20
07.12.2024,3
08.01.2011,18
08.01.2012,10
08.01.2013,15
08.01.2014,13
08.01.2017,7
08.01.2018,15
08.01.2019,15
08.01.2020,9
08.01.2021,4
08.01.2022,6
08.01.2023,3
08.01.2024,11
08.01.2025,7
08.02.2011,52
08.02.2012,18
08.02.2013,26
08.02.2014,6
08.02.2017,18
08.02.2018,14
08.02.2019,13
08.02.2020,5
08.02.2021,14
08.02.2022,11
08.02.2023,10
08.02.2024,17
08.02.2025,4
08.03.2011,18
08.03.2012,8
08.03.2013,12
08.03.2014,3
08.03.2017,6
08.03.2018,5
08.03.2019,4
08.03.2020,5
08.03.2021,11
08.03.2022,4
08.03.2023,9
08.03.2024,4
08.03.2025,5
08.04.2011,25
08.04.2012,3
08.04.2013,15
08.04.2014,29
08.04.2017,5
08.04.2018,3
08.04.2019,13
08.04.2020,4
08.04.2021,12
08.04.2022,6
08.04.2023,3
08.04.2024,7
08.04.2025,13
08.05.2011,3
08.05.2012,8
08.05.2013,17
08.05.2014,6
08.05.2017,11
08.05.2018,13
08.05.2019,15
08.05.2020,6
08.05.2021,3
08.05.2022,1
08.05.2023,8
08.05.2024,6
08.05.2025,16
08.06.2011,19
08.06.2012,10
08.06.2013,3
08.06.2017,11
08.06.2018,10
08.06.2019,6
08.06.2020,9
08.06.2021,15
08.06.2022,11
08.06.2023,16
08.06.2024,4
08.06.2025,4
08.07.2011,11
08.07.2012,2
08.07.2013,16
08.07.2016,12
08.07.2017,3
08.07.2018,8
08.07.2019,12
08.07.2020,14
08.07.2021,12
08.07.2022,14
08.07.2024,12
08.07.2025,9
08.08.2011,14
08.08.2012,8
08.08.2013,14
08.08.2016,11
08.08.2017,14
08.08.2018,12
08.08.2019,9
08.08.2020,1
08.08.2021,3
08.08.2022,26
08.08.2023,8
08.08.2024,12
08.08.2025,6
08.09.2011,13
08.09.2012,2
08.09.2013,6
08.09.2016,17
08.09.2017,11
08.09.2018,3
08.09.2019,6
08.09.2020,10
08.09.2021,9
08.09.2022,11
08.09.2023,13
08.09.2025,6
08.10.2011,6
08.10.2012,7
08.10.2013,14
08.10.2016,1
08.10.2017,8
08.10.2018,5
08.10.2019,11
08.10.2020,10
08.10.2021,11
08.10.2022,3
08.10.2023,3
08.10.2024,11
08.10.2025,14
08.11.2011,19
08.11.2012,7
08.11.2013,8
08.11.2016,13
08.11.2017,11
08.11.2018,8
08.11.2019,13
08.11.2020,3
08.11.2021,10
08.11.2022,11
08.11.2023,22
08.11.2024,7
08.11.2025,4
08.12.2011,18
08.12.2012,4
08.12.2013,3
08.12.2016,20
08.12.2017,15
08.12.2018,6
08.12.2019,3
08.12.2020,12
08.12.2021,30
08.12.2022,9
08.12.2023,13
08.12.2024,2
09.01.2011,12
09.01.2012,13
09.01.2013,24
09.01.2014,20
09.01.2017,16
09.01.2018,15
09.01.2019,10
09.01.2020,16
09.01.2021,5
09.01.2022,3
09.01.2023,20
09.01.2024,14
09.01.2025,7
09.02.2011,51
09.02.2012,17
09.02.2013,6
09.02.2014,7
09.02.2017,21
09.02.2018,14
09.02.2019,9
09.02.2020,5
09.02.2021,13
09.02.2022,9
09.02.2023,8
09.02.2024,14
09.02.2025,2
09.03.2011,32
09.03.2012,13
09.03.2013,4
09.03.2014,9
09.03.2017,18
09.03.2018,13
09.03.2019,8
09.03.2020,9
09.03.2021,82
09.03.2022,9
09.03.2023,15
09.03.2024,4
09.03.2025,4
09.04.2011,14
09.04.2013,11
09.04.2014,7
09.04.2017,7
09.04.2018,4
09.04.2019,7
09.04.2020,5
09.04.2021,5
09.04.2022,5
09.04.2023,3
09.04.2024,6
09.04.2025,1
09.05.2011,6
09.05.2012,10
09.05.2013,8
09.05.2014,8
09.05.2017,9
09.05.2018,10
09.05.2019,3
09.05.2020,3
09.05.2021,6
09.05.2022,5
09.05.2023,9
09.05.2024,9
09.05.2025,3
09.06.2011,11
09.06.2012,2
09.06.2013,6
09.06.2017,14
09.06.2018,5
09.06.2019,1
09.06.2020,12
09.06.2021,26
09.06.2022,13
09.06.2023,11
09.06.2024,3
09.06.2025,6
09.07.2011,5
09.07.2012,18
09.07.2013,16
09.07.2016,3
09.07.2017,9
09.07.2018,18
09.07.2019,12
09.07.2020,11
09.07.2021,18
09.07.2023,10
09.07.2024,6
09.07.2025,11
09.08.2011,15
09.08.2012,6
09.08.2013,12
09.08.2016,5
09.08.2017,16
09.08.2018,13
09.08.2019,9
09.08.2020,3
09.08.2021,20
09.08.2022,17
09.08.2023,7
09.08.2024,9
09.08.2025,6
09.09.2011,11
09.09.2012,1
09.09.2013,11
09.09.2016,14
09.09.2017,4
09.09.2018,5
09.09.2019,10
09.09.2020,10
09.09.2021,12
09.09.2022,12
09.09.2023,4
09.09.2024,11
09.09.2025,18
09.10.2011,2
09.10.2012,8
09.10.2013,11
09.10.2016,3
09.10.2017,12
09.10.2018,14
09.10.2019,13
09.10.2020,12
09.10.2021,6
09.10.2022,5
09.10.2023,12
09.10.2024,13
09.10.2025,8
09.11.2011,20
09.11.2012,13
09.11.2013,6
09.11.2016,19
09.11.2017,13
09.11.2018,10
09.11.2019,2
09.11.2020,11
09.11.2021,5
09.11.2022,12
09.11.2023,6
09.11.2024,3
09.11.2025,4
09.12.2011,14
09.12.2012,5
09.12.2013,22
09.12.2016,19
09.12.2017,4
09.12.2018,4
09.12.2019,17
09.12.2020,7
09.12.2021,21
09.12.2022,23
09.12.2023,3
09.12.2024,15
10.01.2011,61
10.01.2012,15
10.01.2013,18
10.01.2014,15
10.01.2017,23
10.01.2018,8
10.01.2019,12
10.01.2020,16
10.01.2021,3
10.01.2022,17
10.01.2023,9
10.01.2024,3
10.01.2025,6
10.02.2011,36
10.02.2012,13
10.02.2013,10
10.02.2014,28
10.02.2017,18
10.02.2018,5
10.02.2019,6
10.02.2020,9
10.02.2021,17
10.02.2022,14
10.02.2023,10
10.02.2024,4
10.02.2025,21
10.03.2011,31
10.03.2012,4
10.03.2013,6
10.03.2014,25
10.03.2017,17
10.03.2018,6
10.03.2019,4
10.03.2020,11
10.03.2021,49
10.03.2022,9
10.03.2023,16
10.03.2024,8
10.03.2025,13
10.04.2011,8
10.04.2012,14
10.04.2013,13
10.04.2014,23
10.04.2017,25
10.04.2018,13
10.04.2019,14
10.04.2020,1
10.04.2021,8
10.04.2022,7
10.04.2023,14
10.04.2024,13
10.04.2025,7
10.05.2011,17
10.05.2012,7
10.05.2013,12
10.05.2014,2
10.05.2017,11
10.05.2018,13
10.05.2019,13
10.05.2020,3
10.05.2021,15
10.05.2022,13
10.05.2023,10
10.05.2024,4
10.05.2025,3
10.06.2011,25
10.06.2012,6
10.06.2013,25
10.06.2017,4
10.06.2018,8
10.06.2019,10
10.06.2020,10
10.06.2021,18
10.06.2022,7
10.06.2023,4
10.06.2024,16
10.06.2025,11
10.07.2011,6
10.07.2012,13
10.07.2013,8
10.07.2016,6
10.07.2017,18
10.07.2018,10
10.07.2019,9
10.07.2020,10
10.07.2021,9
10.07.2022,4
10.07.2023,20
10.07.2024,9
10.07.2025,8
10.08.2011,12
10.08.2012,7
10.08.2013,3
10.08.2016,17
10.08.2017,17
10.08.2018,9
10.08.2019,4
10.08.2020,6
10.08.2021,18
10.08.2022,15
10.08.2023,17
10.08.2025,2
10.09.2011,1
10.09.2012,7
10.09.2013,17
10.09.2016,9
10.09.2017,10
10.09.2018,11
10.09.2019,4
10.09.2020,14
10.09.2021,12
10.09.2022,1
10.09.2023,1
10.09.2024,18
10.09.2025,14
10.10.2011,19
10.10.2012,13
10.10.2013,13
10.10.2016,18
10.10.2017,16
10.10.2018,11
10.10.2019,12
10.10.2020,5
10.10.2021,4
10.10.2022,12
10.10.2023,12
10.10.2024,7
10.10.2025,13
10.11.2011,20
10.11.2012,6
10.11.2013,3
10.11.2016,23
10.11.2017,9
10.11.2018,4
10.11.2019,4
10.11.2020,7
10.11.2021,11
10.11.2022,12
10.11.2023,11
10.11.2024,4
10.11.2025,13
10.12.2011,6
10.12.2012,11
10.12.2013,23
10.12.2016,11
10.12.2017,6
10.12.2018,16
10.12.2019,7
10.12.2020,7
10.12.2021,19
10.12.2022,5
10.12.2023,2
10.12.2024,6
11.01.2011,59
11.01.2012,32
11.01.2013,8
11.01.2014,12
11.01.2017,16
11.01.2018,10
11.01.2019,15
11.01.2020,7
11.01.2021,7
11.01.2022,15
11.01.2023,10
11.01.2024,14
11.01.2025,3
11.02.2011,48
11.02.2012,4
11.02.2013,29
11.02.2014,18
11.02.2017,6
11.02.2018,6
11.02.2019,13
11.02.2020,13
11.02.2021,15
11.02.2022,18
11.02.2023,7
11.02.2024,2
11.02.2025,12
11.03.2011,30
11.03.2012,4
11.03.2013,23
11.03.2014,23
11.03.2017,3
11.03.2018,3
11.03.2019,19
11.03.2020,8
11.03.2021,38
11.03.2022,9
11.03.2023,5
11.03.2024,20
11.03.2025,10
11.04.2011,25
11.04.2012,14
11.04.2013,20
11.04.2014,19
11.04.2017,10
11.04.2018,15
11.04.2019,12
11.04.2020,2
11.04.2021,5
11.04.2022,13
11.04.2023,11
11.04.2024,13
11.04.2025,5
11.05.2011,22
11.05.2012,7
11.05.2013,8
11.05.2014,7
11.05.2017,14
11.05.2018,11
11.05.2019,5
11.05.2020,10
11.05.2021,10
11.05.2022,8
11.05.2023,12
11.05.2024,3
11.05.2025,1
11.06.2011,4
11.06.2012,9
11.06.2013,12
11.06.2016,6
11.06.2017,4
11.06.2018,12
11.06.2019,11
11.06.2020,11
11.06.2021,23
11.06.2022,6
11.06.2023,1
11.06.2024,11
11.06.2025,3
11.07.2011,13
11.07.2012,18
11.07.2013,15
11.07.2016,20
11.07.2017,16
11.07.2018,14
11.07.2019,10
11.07.2020,2
11.07.2021,6
11.07.2022,11
11.07.2023,11
11.07.2024,17
11.07.2025,14
11.08.2011,10
11.08.2012,2
11.08.2013,5
11.08.2016,13
11.08.2017,9
11.08.2018,4
11.08.2019,14
11.08.2020,13
11.08.2021,25
11.08.2022,18
11.08.2023,16
11.08.2024,2
11.08.2025,11
11.09.2011,5
11.09.2012,7
11.09.2013,15
11.09.2016,9
11.09.2017,19
11.09.2018,7
11.09.2019,15
11.09.2020,12
11.09.2021,4
11.09.2022,3
11.09.2023,11
11.09.2024,8
11.09.2025,11
11.10.2011,11
11.10.2012,11
11.10.2013,10
11.10.2016,17
11.10.2017,9
11.10.2018,7
11.10.2019,9
11.10.2020,4
11.10.2021,8
11.10.2022,18
11.10.2023,11
11.10.2024,4
11.10.2025,7
11.11.2011,14
11.11.2012,1
11.11.2013,12
11.11.2016,16
11.11.2017,4
11.11.2018,3
11.11.2019,10
11.11.2020,7
11.11.2021,15
11.11.2022,17
11.11.2023,4
11.11.2024,10
11.11.2025,7
11.12.2011,5
11.12.2012,8
11.12.2013,21
11.12.2016,10
11.12.2017,19
11.12.2018,12
11.12.2019,12
11.12.2020,13
11.12.2021,3
11.12.2022,2
11.12.2023,14
11.12.2024,12
12.01.2011,81
12.01.2012,23
12.01.2013,7
12.01.2014,6
12.01.2017,13
12.01.2018,15
12.01.2019,6
12.01.2020,4
12.01.2021,9
12.01.2022,16
12.01.2023,9
12.01.2024,13
12.01.2025,4
12.02.2011,15
12.02.2012,5
12.02.2013,20
12.02.2014,18
12.02.2017,7
12.02.2018,15
12.02.2019,13
12.02.2020,19
12.02.2021,5
12.02.2022,4
12.02.2023,6
12.02.2024,14
12.02.2025,8
12.03.2011,6
12.03.2012,15
12.03.2013,27
12.03.2014,23
12.03.2017,6
12.03.2018,16
12.03.2019,16
12.03.2020,2
12.03.2021,38
12.03.2022,4
12.03.2023,3
12.03.2024,9
12.03.2025,14
12.04.2011,28
12.04.2012,12
12.04.2013,10
12.04.2014,4
12.04.2017,16
12.04.2018,16
12.04.2019,12
12.04.2020,1
12.04.2021,31
12.04.2022,6
12.04.2023,12
12.04.2024,14
12.04.2025,2
12.05.2011,10
12.05.2012,6
12.05.2013,6
12.05.2014,8
12.05.2017,7
12.05.2018,4
12.05.2019,2
12.05.2020,3
12.05.2021,6
12.05.2022,4
12.05.2023,4
12.05.2024,4
12.05.2025,8
12.06.2011,10
12.06.2012,21
12.06.2013,16
12.06.2016,2
12.06.2017,15
12.06.2018,9
12.06.2019,8
12.06.2020,4
12.06.2021,2
12.06.2022,3
12.06.2023,16
12.06.2024,8
12.06.2025,5
12.07.2011,18
12.07.2012,9
12.07.2013,9
12.07.2016,12
12.07.2017,10
12.07.2018,12
12.07.2019,16
12.07.2020,5
12.07.2021,6
12.07.2022,14
12.07.2023,8
12.07.2024,10
12.07.2025,5
12.08.2011,13
12.08.2013,11
12.08.2016,13
12.08.2017,6
12.08.2018,3
12.08.2019,9
12.08.2020,11
12.08.2021,17
12.08.2022,17
12.08.2023,2
12.08.2024,8
12.08.2025,5
12.09.2011,10
12.09.2012,7
12.09.2013,12
12.09.2016,14
12.09.2017,15
12.09.2018,11
12.09.2019,11
12.09.2020,4
12.09.2021,9
12.09.2022,19
12.09.2023,11
12.09.2024,14
12.09.2025,6
12.10.2011,13
12.10.2012,5
12.10.2013,3
12.10.2016,11
12.10.2017,11
12.10.2018,14
12.10.2019,6
12.10.2020,11
12.10.2021,15
12.10.2022,11
12.10.2023,11
12.10.2025,3
12.11.2011,3
12.11.2012,8
12.11.2013,14
12.11.2016,5
12.11.2017,6
12.11.2018,16
12.11.2019,14
12.11.2020,19
12.11.2021,13
12.11.2022,4
12.11.2023,2
12.11.2024,11
12.11.2025,6
12.12.2011,11
12.12.2012,13
12.12.2013,18
12.12.2016,10
12.12.2017,21
12.12.2018,15
12.12.2019,14
12.12.2020,6
12.12.2021,4
12.12.2022,19
12.12.2023,18
12.12.2024,13
13.01.2011,46
13.01.2012,17
13.01.2013,6
13.01.2014,18
13.01.2017,22
13.01.2018,5
13.01.2019,3
13.01.2020,12
13.01.2021,11
13.01.2022,13
13.01.2023,9
13.01.2024,5
13.01.2025,10
13.02.2011,17
13.02.2012,26
13.02.2013,27
13.02.2014,22
13.02.2017,18
13.02.2018,14
13.02.2019,13
13.02.2020,13
13.02.2021,10
13.02.2023,17
13.02.2024,13
13.02.2025,14
13.03.2011,12
13.03.2012,17
13.03.2013,20
13.03.2014,17
13.03.2017,17
13.03.2018,11
13.03.2019,10
13.03.2020,13
13.03.2021,5
13.03.2022,5
13.03.2023,21
13.03.2024,14
13.03.2025,9
13.04.2011,33
13.04.2012,5
13.04.2013,5
13.04.2014,5
13.04.2017,6
13.04.2018,10
13.04.2019,5
13.04.2020,2
13.04.2021,30
13.04.2022,13
13.04.2023,13
13.04.2024,2
13.04.2025,2
13.05.2011,7
13.05.2012,3
13.05.2013,16
13.05.2014,13
13.05.2017,4
13.05.2018,2
13.05.2019,8
13.05.2020,5
13.05.2021,15
13.05.2022,12
13.05.2023,5
13.05.2024,11
13.05.2025,6
13.06.2011,30
13.06.2012,13
13.06.2013,19
13.06.2016,13
13.06.2017,17
13.06.2018,11
13.06.2019,10
13.06.2020,1
13.06.2021,8
13.06.2022,13
13.06.2023,14
13.06.2024,11
13.06.2025,10
13.07.2011,15
13.07.2012,7
13.07.2013,4
13.07.2016,28
13.07.2017,17
13.07.2018,11
13.07.2019,3
13.07.2020,8
13.07.2021,9
13.07.2022,10
13.07.2023,15
13.07.2024,4
13.07.2025,2
13.08.2011,8
13.08.2012,8
13.08.2013,14
13.08.2016,6
13.08.2017,6
13.08.2018,11
13.08.2019,10
13.08.2020,6
13.08.2021,12
13.08.2022,1
13.08.2023,1
13.08.2024,13
13.08.2025,6
13.09.2011,15
13.09.2012,7
13.09.2013,11
13.09.2016,10
13.09.2017,15
13.09.2018,8
13.09.2019,8
13.09.2020,6
13.09.2021,13
13.09.2022,17
13.09.2023,6
13.09.2024,9
13.09.2025,5
13.10.2011,15
13.10.2012,3
13.10.2013,4
13.10.2016,18
13.10.2017,15
13.10.2018,6
13.10.2020,8
13.10.2021,11
13.10.2022,5
13.10.2023,15
13.10.2024,2
13.10.2025,12
13.11.2011,4
13.11.2012,15
13.11.2013,18
13.11.2016,5
13.11.2017,11
13.11.2018,11
13.11.2019,11
13.11.2020,10
13.11.2021,1
13.11.2022,2
13.11.2023,10
13.11.2024,14
13.11.2025,6
13.12.2011,25
13.12.2012,13
13.12.2013,12
13.12.2016,28
13.12.2017,17
13.12.2018,10
13.12.2019,14
13.12.2020,9
13.12.2021,21
13.12.2022,14
13.12.2023,16
13.12.2024,10
14.01.2011,45
14.01.2012,7
14.01.2013,15
14.01.2014,24
14.01.2017,8
14.01.2018,3
14.01.2019,6
14.01.2020,8
14.01.2021,6
14.01.2022,6
14.01.2024,2
14.01.2025,4
14.02.2011,39
14.02.2012,22
14.02.2013,17
14.02.2014,14
14.02.2017,16
14.02.2018,24
14.02.2019,10
14.02.2020,16
14.02.2021,5
14.02.2022,15
14.02.2023,15
14.02.2024,16
14.02.2025,13
14.03.2011,25
14.03.2012,15
14.03.2013,14
14.03.2014,18
14.03.2017,22
14.03.2018,21
14.03.2019,10
14.03.2020,9
14.03.2021,5
14.03.2022,16
14.03.2023,13
14.03.2024,8
14.03.2025,6
14.04.2011,27
14.04.2012,3
14.04.2013,2
14.04.2014,18
14.04.2017,3
14.04.2018,4
14.04.2019,2
14.04.2020,3
14.04.2021,17
14.04.2022,14
14.04.2023,3
14.04.2024,5
14.04.2025,7
14.05.2011,7
14.05.2012,16
14.05.2013,24
14.05.2014,16
14.05.2017,4
14.05.2018,12
14.05.2019,15
14.05.2020,3
14.05.2021,12
14.05.2022,2
14.05.2023,6
14.05.2024,14
14.05.2025,9
14.06.2011,19
14.06.2012,14
14.06.2013,10
14.06.2016,21
14.06.2017,17
14.06.2018,15
14.06.2019,5
14.06.2020,2
14.06.2021,19
14.06.2022,21
14.06.2023,14
14.06.2024,12
14.06.2025,1
14.07.2011,23
14.07.2012,5
14.07.2013,3
14.07.2016,17
14.07.2017,6
14.07.2018,8
14.07.2019,3
14.07.2020,12
14.07.2021,17
14.07.2022,16
14.07.2023,11
14.07.2024,4
14.07.2025,5
14.08.2011,2
14.08.2012,7
14.08.2013,12
14.08.2016,7
14.08.2017,16
14.08.2018,14
14.08.2019,7
14.08.2020,8
14.08.2021,5
14.08.2022,2
14.08.2023,11
14.08.2024,7
14.08.2025,7
14.09.2011,11
14.09.2012,5
14.09.2013,4
14.09.2016,21
14.09.2017,11
14.09.2018,8
14.09.2019,4
14.09.2020,13
14.09.2021,12
14.09.2022,14
14.09.2023,6
14.09.2024,2
14.09.2025,2
14.10.2011,5
14.10.2012,2
14.10.2013,4
14.10.2016,8
14.10.2017,2
14.10.2018,1
14.10.2019,4
14.10.2020,8
14.10.2021,12
14.10.2022,4
14.10.2023,2
14.10.2024,1
14.10.2025,7
14.11.2011,11
14.11.2012,8
14.11.2013,20
14.11.2016,12
14.11.2017,16
14.11.2018,10
14.11.2019,5
14.11.2020,3
14.11.2021,5
14.11.2022,8
14.11.2023,5
14.11.2024,10
14.11.2025,11
14.12.2011,7
14.12.2012,11
14.12.2013,12
14.12.2016,18
14.12.2017,12
14.12.2018,11
14.12.2019,3
14.12.2020,9
14.12.2021,20
14.12.2022,10
14.12.2023,10
14.12.2024,2
15.01.2011,31
15.01.2012,5
15.01.2013,20
15.01.2014,22
15.01.2017,14
15.01.2018,14
15.01.2019,12
15.01.2020,10
15.01.2021,6
15.01.2022,4
15.01.2023,1
15.01.2024,7
15.01.2025,10
15.02.2011,44
15.02.2012,26
15.02.2013,14
15.02.2014,4
15.02.2017,21
15.02.2018,26
15.02.2019,16
15.02.2020,4
15.02.2021,19
15.02.2022,15
15.02.2023,12
15.02.2024,14
15.02.2025,3
15.03.2011,24
15.03.2012,17
15.03.2013,20
15.03.2014,4
15.03.2017,19
15.03.2018,10
15.03.2019,13
15.03.2020,4
15.03.2021,38
15.03.2022,11
15.03.2023,14
15.03.2024,15
15.03.2025,3
15.04.2011,12
15.04.2012,1
15.04.2013,10
15.04.2014,14
15.04.2017,3
15.04.2018,4
15.04.2019,8
15.04.2020,1
15.04.2021,12
15.04.2022,14
15.04.2023,2
15.04.2024,13
15.04.2025,4
15.05.2011,6
15.05.2012,16
15.05.2013,12
15.05.2014,17
15.05.2017,16
15.05.2018,11
15.05.2019,12
15.05.2020,3
15.05.2021,4
15.05.2022,3
15.05.2023,17
15.05.2024,10
15.05.2025,8
15.06.2011,20
15.06.2012,5
15.06.2013,3
15.06.2016,22
15.06.2017,16
15.06.2018,7
15.06.2019,5
15.06.2020,5
15.06.2021,15
15.06.2022,17
15.06.2023,11
15.06.2024,4
15.06.2025,3
15.07.2011,18
15.07.2012,3
15.07.2013,13
15.07.2016,19
15.07.2017,6
15.07.2018,4
15.07.2019,15
15.07.2020,9
15.07.2021,25
15.07.2022,12
15.07.2023,6
15.07.2024,15
15.07.2025,11
15.08.2011,14
15.08.2012,10
15.08.2013,16
15.08.2016,14
15.08.2017,11
15.08.2018,8
15.08.2019,7
15.08.2020,6
15.08.2021,4
15.08.2022,11
15.08.2023,4
15.08.2024,13
15.08.2025,10
15.09.2011,10
15.09.2012,1
15.09.2013,3
15.09.2016,17
15.09.2017,14
15.09.2018,6
15.09.2019,2
15.09.2020,8
15.09.2021,16
15.09.2022,14
15.09.2023,7
15.09.2024,2
15.09.2025,12
15.10.2011,4
15.10.2012,7
15.10.2013,15
15.10.2016,4
15.10.2017,4
15.10.2018,5
15.10.2019,17
15.10.2020,7
15.10.2021,15
15.10.2022,5
15.10.2023,4
15.10.2024,9
15.10.2025,13
15.11.2011,10
15.11.2012,10
15.11.2013,15
15.11.2016,10
15.11.2017,12
15.11.2018,7
15.11.2019,2
15.11.2020,4
15.11.2021,15
15.11.2022,13
15.11.2023,14
15.11.2024,6
15.11.2025,5
15.12.2011,12
15.12.2012,6
15.12.2013,12
15.12.2016,16
15.12.2017,6
15.12.2018,9
15.12.2019,5
15.12.2020,10
15.12.2021,17
15.12.2022,6
15.12.2023,10
15.12.2024,8
16.01.2011,11
16.01.2012,32
16.01.2013,23
16.01.2014,16
16.01.2017,26
16.01.2018,23
16.01.2019,9
16.01.2020,10
16.01.2021,12
16.01.2022,6
16.01.2023,15
16.01.2024,13
16.01.2025,16
16.02.2011,40
16.02.2012,23
16.02.2013,10
16.02.2014,4
16.02.2017,22
16.02.2018,14
16.02.2019,5
16.02.2020,9
16.02.2021,12
16.02.2022,10
16.02.2023,17
16.02.2024,14
16.02.2025,3
16.03.2011,39
16.03.2012,19
16.03.2013,9
16.03.2014,6
16.03.2017,22
16.03.2018,9
16.03.2019,8
16.03.2020,6
16.03.2021,32
16.03.2022,15
16.03.2023,18
16.03.2024,1
16.03.2025,1
16.04.2011,7
16.04.2012,1
16.04.2013,19
16.04.2014,18
16.04.2017,1
16.04.2018,10
16.04.2019,11
16.04.2020,6
16.04.2021,20
16.04.2022,3
16.04.2023,1
16.04.2024,9
16.04.2025,8
16.05.2011,16
16.05.2012,21
16.05.2013,14
16.05.2014,8
16.05.2017,17
16.05.2018,12
16.05.2019,5
16.05.2020,1
16.05.2021,4
16.05.2022,18
16.05.2023,18
16.05.2024,9
16.05.2025,7
16.06.2011,21
16.06.2012,3
16.06.2013,3
16.06.2016,16
16.06.2017,13
16.06.2018,2
16.06.2019,2
16.06.2020,9
16.06.2021,24
16.06.2022,14
16.06.2023,10
16.06.2024,5
16.06.2025,8
16.07.2011,4
16.07.2012,11
16.07.2013,20
16.07.2016,7
16.07.2017,2
16.07.2018,10
16.07.2019,10
16.07.2020,9
16.07.2021,25
16.07.2022,2
16.07.2024,11
16.07.2025,17
16.08.2011,21
16.08.2012,8
16.08.2013,8
16.08.2016,14
16.08.2017,17
16.08.2018,12
16.08.2019,14
16.08.2020,5
16.08.2021,19
16.08.2022,12
16.08.2023,11
16.08.2024,8
16.09.2011,19
16.09.2012,2
16.09.2013,12
16.09.2016,16
16.09.2017,2
16.09.2018,2
16.09.2019,12
16.09.2020,10
16.09.2021,18
16.09.2022,7
16.09.2023,7
16.09.2024,10
16.09.2025,12
16.10.2011,3
16.10.2012,5
16.10.2013,13
16.10.2016,9
16.10.2017,11
16.10.2018,6
16.10.2019,9
16.10.2020,10
16.10.2021,2
16.10.2022,5
16.10.2023,12
16.10.2024,29
16.10.2025,7
16.11.2011,15
16.11.2012,6
16.11.2013,5
16.11.2016,25
16.11.2017,14
16.11.2018,5
16.11.2019,3
16.11.2020,6
16.11.2021,15
16.11.2022,11
16.11.2023,20
16.11.2024,4
16.11.2025,3
16.12.2011,15
16.12.2012,5
16.12.2013,26
16.12.2016,15
16.12.2017,7
16.12.2018,4
16.12.2019,17
16.12.2020,11
16.12.2021,26
16.12.2022,8
16.12.2023,4
16.12.2024,10
17.01.2011,57
17.01.2012,30
17.01.2013,14
17.01.2014,19
17.01.2017,21
17.01.2018,17
17.01.2019,14
17.01.2020,17
17.01.2021,7
17.01.2022,8
17.01.2023,15
17.01.2024,19
17.01.2025,10
17.02.2011,52
17.02.2012,25
17.02.2013,4
17.02.2014,24
17.02.2017,20
17.02.2018,14
17.02.2019,6
17.02.2020,15
17.02.2021,11
17.02.2022,10
17.02.2023,2
17.02.2024,7
17.02.2025,11
17.03.2011,35
17.03.2012,8
17.03.2013,6
17.03.2014,23
17.03.2017,16
17.03.2018,7
17.03.2019,2
17.03.2020,7
17.03.2021,38
17.03.2022,8
17.03.2023,11
17.03.2024,3
17.03.2025,14
17.04.2011,7
17.04.2012,10
17.04.2013,20
17.04.2014,15
17.04.2017,2
17.04.2018,16
17.04.2019,12
17.04.2020,4
17.04.2021,4
17.04.2022,3
17.04.2024,14
17.04.2025,12
17.05.2011,14
17.05.2012,9
17.05.2013,11
17.05.2014,5
17.05.2017,22
17.05.2018,10
17.05.2019,6
17.05.2020,5
17.05.2021,18
17.05.2022,12
17.05.2023,17
17.05.2024,4
17.05.2025,2
17.06.2011,18
17.06.2012,5
17.06.2013,10
17.06.2016,15
17.06.2017,3
17.06.2018,4
17.06.2019,7
17.06.2020,6
17.06.2021,21
17.06.2022,6
17.06.2023,1
17.06.2024,15
17.06.2025,10
17.07.2011,4
17.07.2012,6
17.07.2013,15
17.07.2016,3
17.07.2017,10
17.07.2018,13
17.07.2019,9
17.07.2020,10
17.07.2021,8
17.07.2022,2
17.07.2023,17
17.07.2024,16
17.07.2025,12
17.08.2011,16
17.08.2012,8
17.08.2013,4
17.08.2016,14
17.08.2017,12
17.08.2018,8
17.08.2019,5
17.08.2020,7
17.08.2021,12
17.08.2022,14
17.08.2023,9
17.08.2024,4
17.08.2025,5
17.09.2011,4
17.09.2012,5
17.09.2013,15
17.09.2016,5
17.09.2017,9
17.09.2018,7
17.09.2019,10
17.09.2020,7
17.09.2021,12
17.09.2022,6
17.09.2023,7
17.09.2024,12
17.09.2025,15
17.10.2011,15
17.10.2012,5
17.10.2013,15
17.10.2016,26
17.10.2017,15
17.10.2018,12
17.10.2019,8
17.10.2020,4
17.10.2021,3
17.10.2022,13
17.10.2023,14
17.10.2024,17
17.10.2025,12
17.11.2011,11
17.11.2012,5
17.11.2013,1
17.11.2016,12
17.11.2017,14
17.11.2018,3
17.11.2019,2
17.11.2020,13
17.11.2021,6
17.11.2022,14
17.11.2023,6
17.11.2024,3
17.11.2025,12
17.12.2011,7
17.12.2012,14
17.12.2013,21
17.12.2016,4
17.12.2017,11
17.12.2018,9
17.12.2019,8
17.12.2020,10
17.12.2021,20
17.12.2022,2
17.12.2023,6
17.12.2024,15
18.01.2011,55
18.01.2012,18
18.01.2013,16
18.01.2014,4
18.01.2017,21
18.01.2018,28
18.01.2019,14
18.01.2020,4
18.01.2021,10
18.01.2022,13
18.01.2023,15
18.01.2024,11
18.01.2025,1
18.02.2011,42
18.02.2012,8
18.02.2013,16
18.02.2014,13
18.02.2017,8
18.02.2018,9
18.02.2019,13
18.02.2020,13
18.02.2021,7
18.02.2022,7
18.02.2023,5
18.02.2024,4
18.02.2025,10
18.03.2011,28
18.03.2012,7
18.03.2013,8
18.03.2014,20
18.03.2017,13
18.03.2018,4
18.03.2019,12
18.03.2020,5
18.03.2021,32
18.03.2022,14
18.03.2023,4
18.03.2024,18
18.03.2025,15
18.04.2011,29
18.04.2012,11
18.04.2013,17
18.04.2014,1
18.04.2017,19
18.04.2018,14
18.04.2019,13
18.04.2021,6
18.04.2022,10
18.04.2023,15
18.04.2024,13
18.04.2025,1
18.05.2011,28
18.05.2012,12
18.05.2013,8
18.05.2017,13
18.05.2018,10
18.05.2019,4
18.05.2020,5
18.05.2021,14
18.05.2022,13
18.05.2023,13
18.05.2025,2
18.06.2011,9
18.06.2012,12
18.06.2013,15
18.06.2016,10
18.06.2017,2
18.06.2018,10
18.06.2019,17
18.06.2020,9
18.06.2021,14
18.06.2022,3
18.06.2023,1
18.06.2024,8
18.06.2025,14
18.07.2011,18
18.07.2012,22
18.07.2013,14
18.07.2016,20
18.07.2017,16
18.07.2018,7
18.07.2019,8
18.07.2020,4
18.07.2021,6
18.07.2022,14
18.07.2023,12
18.07.2024,4
18.07.2025,8
18.08.2011,15
18.08.2012,3
18.08.2013,4
18.08.2016,11
18.08.2017,5
18.08.2018,9
18.08.2019,5
18.08.2020,12
18.08.2021,16
18.08.2022,15
18.08.2023,14
18.08.2024,3
18.08.2025,6
18.09.2011,2
18.09.2012,10
18.09.2013,17
18.09.2016,1
18.09.2017,5
18.09.2018,13
18.09.2019,9
18.09.2020,9
18.09.2021,4
18.09.2022,8
18.09.2023,13
18.09.2024,9
18.09.2025,13
18.10.2011,11
18.10.2012,5
18.10.2013,6
18.10.2016,15
18.10.2017,11
18.10.2018,4
18.10.2019,5
18.10.2020,1
18.10.2021,15
18.10.2022,20
18.10.2023,2
18.10.2024,7
18.10.2025,2
18.11.2011,12
18.11.2013,11
18.11.2016,16
18.11.2017,1
18.11.2018,2
18.11.2019,13
18.11.2020,11
18.11.2021,6
18.11.2022,17
18.11.2023,6
18.11.2024,16
18.11.2025,10
18.12.2011,5
18.12.2012,12
18.12.2013,24
18.12.2016,13
18.12.2017,14
18.12.2018,24
18.12.2019,10
18.12.2020,4
18.12.2021,9
18.12.2022,8
18.12.2023,18
18.12.2024,8
19.01.2011,22
19.01.2012,10
19.01.2013,6
19.01.2014,6
19.01.2017,16
19.01.2018,6
19.01.2019,3
19.01.2020,2
19.01.2021,7
19.01.2022,10
19.01.2023,2
19.01.2024,2
19.01.2025,3
19.02.2011,28
19.02.2012,1
19.02.2013,19
19.02.2014,22
19.02.2017,5
19.02.2018,13
19.02.2019,16
19.02.2020,16
19.02.2021,11
19.02.2022,4
19.02.2023,5
19.02.2024,31
19.02.2025,17
19.03.2011,9
19.03.2012,21
19.03.2013,22
19.03.2014,29
19.03.2017,3
19.03.2018,15
19.03.2019,12
19.03.2020,2
19.03.2021,23
19.03.2022,5
19.03.2023,6
19.03.2024,17
19.03.2025,6
19.04.2011,28
19.04.2012,12
19.04.2013,11
19.04.2017,16
19.04.2018,6
19.04.2019,12
19.04.2020,1
19.04.2021,11
19.04.2022,14
19.04.2023,22
19.04.2024,12
19.04.2025,1
19.05.2011,15
19.05.2012,4
19.05.2013,2
19.05.2014,13
19.05.2017,17
19.05.2018,3
19.05.2019,7
19.05.2020,2
19.05.2021,22
19.05.2022,5
19.05.2023,14
19.05.2024,3
19.05.2025,11
19.06.2011,2
19.06.2012,14
19.06.2013,9
19.06.2016,8
19.06.2017,15
19.06.2018,7
19.06.2019,13
19.06.2020,7
19.06.2021,7
19.06.2023,14
19.06.2024,11
19.06.2025,10
19.07.2011,16
19.07.2012,5
19.07.2013,12
19.07.2016,18
19.07.2017,13
19.07.2018,6
19.07.2019,10
19.07.2020,3
19.07.2021,22
19.07.2022,15
19.07.2023,8
19.07.2024,13
19.07.2025,3
19.08.2011,11
19.08.2012,3
19.08.2013,19
19.08.2016,22
19.08.2017,7
19.08.2018,3
19.08.2019,12
19.08.2020,4
19.08.2021,9
19.08.2022,9
19.08.2023,1
19.08.2024,12
19.08.2025,16
19.09.2011,15
19.09.2012,3
19.09.2013,15
19.09.2016,9
19.09.2017,8
19.09.2018,11
19.09.2019,8
19.09.2020,3
19.09.2021,2
19.09.2022,18
19.09.2023,14
19.09.2024,16
19.09.2025,10
19.10.2011,13
19.10.2012,4
19.10.2013,6
19.10.2016,15
19.10.2017,14
19.10.2018,5
19.10.2019,6
19.10.2020,14
19.10.2021,19
19.10.2022,13
19.10.2023,11
19.10.2024,3
19.10.2025,3
19.11.2011,3
19.11.2012,9
19.11.2013,17
19.11.2016,4
19.11.2017,6
19.11.2018,9
19.11.2019,8
19.11.2020,8
19.11.2021,6
19.11.2022,3
19.11.2023,1
19.11.2024,13
19.11.2025,7
19.12.2011,12
19.12.2012,17
19.12.2013,18
19.12.2016,17
19.12.2017,11
19.12.2018,11
19.12.2019,6
19.12.2020,4
19.12.2021,4
19.12.2022,19
19.12.2023,20
19.12.2024,8
20.01.2011,57
20.01.2012,21
20.01.2013,8
20.01.2014,21
20.01.2017,18
20.01.2018,4
20.01.2019,3
20.01.2020,20
20.01.2021,15
20.01.2022,12
20.01.2023,6
20.01.2025,3
20.02.2011,8
20.02.2012,20
20.02.2013,25
20.02.2014,16
20.02.2017,16
20.02.2018,17
20.02.2019,11
20.02.2020,13
20.02.2021,9
20.02.2023,14
20.02.2024,14
20.02.2025,17
20.03.2011,7
20.03.2012,19
20.03.2013,17
20.03.2014,23
20.03.2017,15
20.03.2018,13
20.03.2019,8
20.03.2020,8
20.03.2021,11
20.03.2022,2
20.03.2023,16
20.03.2024,15
20.03.2025,8
20.04.2011,28
20.04.2012,10
20.04.2013,8
20.04.2014,1
20.04.2017,23
20.04.2018,6
20.04.2019,4
20.04.2020,1
20.04.2021,12
20.04.2022,19
20.04.2023,15
20.04.2024,1
20.05.2011,15
20.05.2012,7
20.05.2013,15
20.05.2014,20
20.05.2017,5
20.05.2018,5
20.05.2019,13
20.05.2020,8
20.05.2021,24
20.05.2022,9
20.05.2023,6
20.05.2024,7
20.05.2025,15
20.06.2011,21
20.06.2012,9
20.06.2013,15
20.06.2016,17
20.06.2017,31
20.06.2018,8
20.06.2019,17
20.06.2020,2
20.06.2021,3
20.06.2022,17
20.06.2023,14
20.06.2024,13
20.06.2025,5
20.07.2011,15
20.07.2012,7
20.07.2013,4
20.07.2016,17
20.07.2017,18
20.07.2018,10
20.07.2019,5
20.07.2020,10
20.07.2021,21
20.07.2022,8
20.07.2023,9
20.07.2024,11
20.07.2025,2
20.08.2011,8
20.08.2012,5
20.08.2013,11
20.08.2016,6
20.08.2017,5
20.08.2018,17
20.08.2019,5
20.08.2020,10
20.08.2021,10
20.08.2023,3
20.08.2024,13
20.08.2025,11
20.09.2011,10
20.09.2012,7
20.09.2013,11
20.09.2016,22
20.09.2017,8
20.09.2018,8
20.09.2019,9
20.09.2020,6
20.09.2021,15
20.09.2022,12
20.09.2023,12
20.09.2024,13
20.09.2025,4
20.10.2011,14
20.10.2012,2
20.10.2013,3
20.10.2016,12
20.10.2017,4
20.10.2018,5
20.10.2019,2
20.10.2020,14
20.10.2021,14
20.10.2022,12
20.10.2023,16
20.10.2024,4
20.10.2025,16
20.11.2011,4
20.11.2012,7
20.11.2013,16
20.11.2016,14
20.11.2017,10
20.11.2018,12
20.11.2020,4
20.11.2021,6
20.11.2022,5
20.11.2023,16
20.11.2024,12
20.11.2025,18
20.12.2011,16
20.12.2012,15
20.12.2013,17
20.12.2016,17
20.12.2017,15
20.12.2018,13
20.12.2019,13
20.12.2020,2
20.12.2021,22
20.12.2022,12
20.12.2023,15
20.12.2024,4
21.01.2011,66
21.01.2012,7
21.01.2013,26
21.01.2014,16
21.01.2017,10
21.01.2018,4
21.01.2019,22
21.01.2020,17
21.01.2021,17
21.01.2022,24
21.01.2023,9
21.01.2024,1
21.01.2025,12
21.02.2011,31
21.02.2012,17
21.02.2013,20
21.02.2014,15
21.02.2017,23
21.02.2018,11
21.02.2019,18
21.02.2020,11
21.02.2021,3
21.02.2022,12
21.02.2023,10
21.02.2024,13
21.02.2025,13
21.03.2011,31
21.03.2012,14
21.03.2013,10
21.03.2014,15
21.03.2017,18
21.03.2018,13
21.03.2019,6
21.03.2020,4
21.03.2021,7
21.03.2022,11
21.03.2023,14
21.03.2024,9
21.03.2025,9
21.04.2011,15
21.04.2012,5
21.04.2013,5
21.04.2017,12
21.04.2018,10
21.04.2019,5
21.04.2020,3
21.04.2021,14
21.04.2022,12
21.04.2023,13
21.04.2024,5
21.04.2025,3
21.05.2011,8
21.05.2012,20
21.05.2013,12
21.05.2014,20
21.05.2017,6
21.05.2018,12
21.05.2019,15
21.05.2020,7
21.05.2021,11
21.05.2022,2
21.05.2023,5
21.05.2024,14
21.05.2025,10
21.06.2011,21
21.06.2012,17
21.06.2013,8
21.06.2016,16
21.06.2017,10
21.06.2018,10
21.06.2019,3
21.06.2020,5
21.06.2021,23
21.06.2022,5
21.06.2023,13
21.06.2024,11
21.06.2025,5
21.07.2011,12
21.07.2012,4
21.07.2013,7
21.07.2016,23
21.07.2017,18
21.07.2018,6
21.07.2019,8
21.07.2020,12
21.07.2021,22
21.07.2022,21
21.07.2023,8
21.07.2024,6
21.07.2025,15
21.08.2011,7
21.08.2012,10
21.08.2013,15
21.08.2016,2
21.08.2017,19
21.08.2018,7
21.08.2019,6
21.08.2020,3
21.08.2021,3
21.08.2022,7
21.08.2023,12
21.08.2024,4
21.08.2025,4
21.09.2011,12
21.09.2012,4
21.09.2013,12
21.09.2016,12
21.09.2017,12
21.09.2018,10
21.09.2019,4
21.09.2020,8
21.09.2021,21
21.09.2022,8
21.09.2023,7
21.09.2024,2
21.09.2025,2
21.10.2011,8
21.10.2012,1
21.10.2013,12
21.10.2016,9
21.10.2017,4
21.10.2018,4
21.10.2019,13
21.10.2020,8
21.10.2021,10
21.10.2022,16
21.10.2023,3
21.10.2024,11
21.10.2025,8
21.11.2011,14
21.11.2012,7
21.11.2013,11
21.11.2016,17
21.11.2017,14
21.11.2018,9
21.11.2019,10
21.11.2020,6
21.11.2021,2
21.11.2022,17
21.11.2023,18
21.11.2024,19
21.11.2025,5
21.12.2010,4
21.12.2011,16
21.12.2012,16
21.12.2013,5
21.12.2016,15
21.12.2017,9
21.12.2018,14
21.12.2019,2
21.12.2020,14
21.12.2021,24
21.12.2022,15
21.12.2023,13
21.12.2024,3
22.01.2011,37
22.01.2012,6
22.01.2013,16
22.01.2014,21
22.01.2017,6
22.01.2018,18
22.01.2019,20
22.01.2020,15
22.01.2021,4
22.01.2022,4
22.01.2023,1
22.01.2024,13
22.01.2025,14
22.02.2011,46
22.02.2012,15
22.02.2013,10
22.02.2014,5
22.02.2017,25
22.02.2018,23
22.02.2019,14
22.02.2020,8
22.02.2021,9
22.02.2022,10
22.02.2023,13
22.02.2024,8
22.02.2025,4
22.03.2011,29
22.03.2012,12
22.03.2013,15
22.03.2014,10
22.03.2017,7
22.03.2018,15
22.03.2019,15
22.03.2020,1
22.03.2021,25
22.03.2022,12
22.03.2023,16
22.03.2024,8
22.03.2025,3
22.04.2011,10
22.04.2012,5
22.04.2013,19
22.04.2014,22
22.04.2017,9
22.04.2018,4
22.04.2019,16
22.04.2020,2
22.04.2021,12
22.04.2022,3
22.04.2023,2
22.04.2024,9
22.04.2025,13
22.05.2011,9
22.05.2012,13
22.05.2013,22
22.05.2014,12
22.05.2017,17
22.05.2018,9
22.05.2019,7
22.05.2020,8
22.05.2021,5
22.05.2022,3
22.05.2023,16
22.05.2024,13
22.05.2025,4
22.06.2011,18
22.06.2012,12
22.06.2013,10
22.06.2016,16
22.06.2017,12
22.06.2018,9
22.06.2019,4
22.06.2020,9
22.06.2021,20
22.06.2022,14
22.06.2023,16
22.06.2024,2
22.07.2011,12
22.07.2012,2
22.07.2013,15
22.07.2016,11
22.07.2017,2
22.07.2018,1
22.07.2019,15
22.07.2020,10
22.07.2021,17
22.07.2022,13
22.07.2023,4
22.07.2024,21
22.07.2025,11
22.08.2011,20
22.08.2012,13
22.08.2013,9
22.08.2016,15
22.08.2017,9
22.08.2018,18
22.08.2019,14
22.08.2020,6
22.08.2021,8
22.08.2022,21
22.08.2023,12
22.08.2024,11
22.08.2025,10
22.09.2011,10
22.09.2013,7
22.09.2016,22
22.09.2017,11
22.09.2018,8
22.09.2019,3
22.09.2020,10
22.09.2021,8
22.09.2022,17
22.09.2023,13
22.09.2024,4
22.09.2025,14
22.10.2011,3
22.10.2012,11
22.10.2013,16
22.10.2016,8
22.10.2017,3
22.10.2018,7
22.10.2019,12
22.10.2020,4
22.10.2021,6
22.10.2022,1
22.10.2023,4
22.10.2024,10
22.10.2025,12
22.11.2011,11
22.11.2012,9
22.11.2013,14
22.11.2016,17
22.11.2017,9
22.11.2018,15
22.11.2019,12
22.11.2020,3
22.11.2021,15
22.11.2022,17
22.11.2023,15
22.11.2024,5
22.11.2025,3
22.12.2010,62
22.12.2011,18
22.12.2012,6
22.12.2013,7
22.12.2016,22
22.12.2017,10
22.12.2018,4
22.12.2019,2
22.12.2020,7
22.12.2021,16
22.12.2022,20
22.12.2023,19
22.12.2024,3
23.01.2011,20
23.01.2012,20
23.01.2013,27
23.01.2014,7
23.01.2017,29
23.01.2018,20
23.01.2019,13
23.01.2020,15
23.01.2021,11
23.01.2022,6
23.01.2023,15
23.01.2024,17
23.01.2025,15
23.02.2011,43
23.02.2012,28
23.02.2013,5
23.02.2017,12
23.02.2018,11
23.02.2019,2
23.02.2020,3
23.02.2021,14
23.02.2022,13
23.02.2023,13
23.02.2024,22
23.02.2025,5
23.03.2011,31
23.03.2012,14
23.03.2013,11
23.03.2014,3
23.03.2017,23
23.03.2018,10
23.03.2019,7
23.03.2020,9
23.03.2021,33
23.03.2022,18
23.03.2023,14
23.03.2024,4
23.03.2025,2
23.04.2011,4
23.04.2012,12
23.04.2013,18
23.04.2014,20
23.04.2017,2
23.04.2018,19
23.04.2019,12
23.04.2020,2
23.04.2021,10
23.04.2022,3
23.04.2023,2
23.04.2024,7
23.04.2025,14
23.05.2011,14
23.05.2012,7
23.05.2013,12
23.05.2014,15
23.05.2017,13
23.05.2018,10
23.05.2019,10
23.05.2020,4
23.05.2021,4
23.05.2022,15
23.05.2023,19
23.05.2024,12
23.05.2025,5
23.06.2011,20
23.06.2012,1
23.06.2013,6
23.06.2016,13
23.06.2017,15
23.06.2018,5
23.06.2019,7
23.06.2020,9
23.06.2021,24
23.06.2022,13
23.06.2023,17
23.06.2024,1
23.06.2025,10
23.07.2011,7
23.07.2012,15
23.07.2013,19
23.07.2016,4
23.07.2017,5
23.07.2018,9
23.07.2019,12
23.07.2020,5
23.07.2021,13
23.07.2022,2
23.07.2023,3
23.07.2024,11
23.07.2025,13
23.08.2011,15
23.08.2012,6
23.08.2013,8
23.08.2016,17
23.08.2017,11
23.08.2018,14
23.08.2019,7
23.08.2020,2
23.08.2021,13
23.08.2022,21
23.08.2023,12
23.08.2024,17
23.08.2025,3
23.09.2011,13
23.09.2012,4
23.09.2013,7
23.09.2016,15
23.09.2017,5
23.09.2018,6
23.09.2019,12
23.09.2020,19
23.09.2021,17
23.09.2022,7
23.09.2023,3
23.09.2024,11
23.09.2025,13
23.10.2011,3
23.10.2012,5
23.10.2013,15
23.10.2016,1
23.10.2017,9
23.10.2018,11
23.10.2019,12
23.10.2020,4
23.10.2021,3
23.10.2022,6
23.10.2023,21
23.10.2024,6
23.10.2025,13
23.11.2011,2
23.11.2012,2
23.11.2013,7
23.11.2016,9
23.11.2017,6
23.11.2018,2
23.11.2019,5
23.11.2020,6
23.11.2021,3
23.11.2022,8
23.11.2023,5
23.11.2024,2
23.11.2025,4
23.12.2010,34
23.12.2011,8
23.12.2012,6
23.12.2013,14
23.12.2016,12
23.12.2017,4
23.12.2018,5
23.12.2019,5
23.12.2020,9
23.12.2021,14
23.12.2022,13
23.12.2023,2
23.12.2024,12
24.01.2011,69
24.01.2012,20
24.01.2013,25
24.01.2014,13
24.01.2017,20
24.01.2018,20
24.01.2019,8
24.01.2020,19
24.01.2021,4
24.01.2022,19
24.01.2023,14
24.01.2024,15
24.01.2025,11
24.02.2011,36
24.02.2012,9
24.02.2013,10
24.02.2014,16
24.02.2017,12
24.02.2018,4
24.02.2019,6
24.02.2020,13
24.02.2021,9
24.02.2022,21
24.02.2023,14
24.02.2024,4
24.02.2025,12
24.03.2011,38
24.03.2012,4
24.03.2013,4
24.03.2014,14
24.03.2017,15
24.03.2019,2
24.03.2020,6
24.03.2021,59
24.03.2022,6
24.03.2023,8
24.03.2024,4
24.03.2025,9
24.04.2011,2
24.04.2012,8
24.04.2013,22
24.04.2014,16
24.04.2017,14
24.04.2018,11
24.04.2019,16
24.04.2020,3
24.04.2021,3
24.04.2022,1
24.04.2023,22
24.04.2024,11
24.04.2025,4
24.05.2011,21
24.05.2012,14
24.05.2013,8
24.05.2014,5
24.05.2017,19
24.05.2018,13
24.05.2019,8
24.05.2020,3
24.05.2021,20
24.05.2022,16
24.05.2023,8
24.05.2024,6
24.05.2025,4
24.06.2011,16
24.06.2012,2
24.06.2013,16
24.06.2016,20
24.06.2017,3
24.06.2018,3
24.06.2019,9
24.06.2020,9
24.06.2021,21
24.06.2022,11
24.06.2023,2
24.06.2024,11
24.06.2025,11
24.07.2011,6
24.07.2012,9
24.07.2013,13
24.07.2016,9
24.07.2017,19
24.07.2018,10
24.07.2019,6
24.07.2020,4
24.07.2021,6
24.07.2022,7
24.07.2023,18
24.07.2024,16
24.07.2025,14
24.08.2011,10
24.08.2012,6
24.08.2013,9
24.08.2016,17
24.08.2017,10
24.08.2018,10
24.08.2019,1
24.08.2020,12
24.08.2021,21
24.08.2022,15
24.08.2023,12
24.08.2024,1
24.08.2025,2
24.09.2011,5
24.09.2012,5
24.09.2013,17
24.09.2017,5
24.09.2018,8
24.09.2019,4
24.09.2020,7
24.09.2021,12
24.09.2023,1
24.09.2024,14
24.09.2025,10
24.10.2011,9
24.10.2012,8
24.10.2013,14
24.10.2016,12
24.10.2017,18
24.10.2018,13
24.10.2019,15
24.10.2020,7
24.10.2021,3
24.10.2022,11
24.10.2023,11
24.10.2024,8
24.10.2025,22
24.11.2011,15
24.11.2012,2
24.11.2013,6
24.11.2016,16
24.11.2017,10
24.11.2018,2
24.11.2019,2
24.11.2020,13
24.11.2021,14
24.11.2022,17
24.11.2023,12
24.11.2024,8
24.11.2025,17
24.12.2010,41
24.12.2011,4
24.12.2012,10
24.12.2013,17
24.12.2016,5
24.12.2017,2
24.12.2018,10
24.12.2019,16
24.12.2020,9
24.12.2021,17
24.12.2022,3
24.12.2023,2
24.12.2024,16
25.01.2011,65
25.01.2012,27
25.01.2013,20
25.01.2014,6
25.01.2017,20
25.01.2018,16
25.01.2019,5
25.01.2020,6
25.01.2021,10
25.01.2022,17
25.01.2023,11
25.01.2024,11
25.01.2025,5
25.02.2011,32
25.02.2012,10
25.02.2013,21
25.02.2014,17
25.02.2017,1
25.02.2018,8
25.02.2019,13
25.02.2020,15
25.02.2021,6
25.02.2022,7
25.02.2023,2
25.02.2024,4
25.02.2025,14
25.03.2011,27
25.03.2012,4
25.03.2013,23
25.03.2014,27
25.03.2017,8
25.03.2018,5
25.03.2019,17
25.03.2020,6
25.03.2021,40
25.03.2022,6
25.03.2023,5
25.03.2024,10
25.03.2025,5
25.04.2011,3
25.04.2012,12
25.04.2013,26
25.04.2014,17
25.04.2017,25
25.04.2018,14
25.04.2019,8
25.04.2020,1
25.04.2021,1
25.04.2022,1
25.04.2023,12
25.04.2024,4
25.04.2025,7
25.05.2011,18
25.05.2012,19
25.05.2013,11
25.05.2014,4
25.05.2017,12
25.05.2018,8
25.05.2019,8
25.05.2020,11
25.05.2021,19
25.05.2022,9
25.05.2023,13
25.05.2024,3
25.05.2025,3
25.06.2011,12
25.06.2012,16
25.06.2013,11
25.06.2016,7
25.06.2017,3
25.06.2018,13
25.06.2019,11
25.06.2020,9
25.06.2021,16
25.06.2022,6
25.06.2023,4
25.06.2024,11
25.06.2025,11
25.07.2011,19
25.07.2012,11
25.07.2013,11
25.07.2016,17
25.07.2017,14
25.07.2018,10
25.07.2019,12
25.07.2020,8
25.07.2021,4
25.07.2022,11
25.07.2023,9
25.07.2024,15
25.07.2025,9
25.08.2011,8
25.08.2012,4
25.08.2013,8
25.08.2016,21
25.08.2017,13
25.08.2018,8
25.08.2019,2
25.08.2020,7
25.08.2021,22
25.08.2022,9
25.08.2023,10
25.08.2024,8
25.08.2025,13
25.09.2011,5
25.09.2012,7
25.09.2013,15
25.09.2016,2
25.09.2017,14
25.09.2018,5
25.09.2019,8
25.09.2020,10
25.09.2021,2
25.09.2022,10
25.09.2023,9
25.09.2024,16
25.09.2025,17
25.10.2011,13
25.10.2012,4
25.10.2013,10
25.10.2016,20
25.10.2017,11
25.10.2018,3
25.10.2019,9
25.10.2020,2
25.10.2021,8
25.10.2022,16
25.10.2023,10
25.10.2024,7
25.10.2025,2
25.11.2011,8
25.11.2012,3
25.11.2013,11
25.11.2016,10
25.11.2017,3
25.11.2018,6
25.11.2019,12
25.11.2020,5
25.11.2021,16
25.11.2022,5
25.11.2023,3
25.11.2024,10
25.11.2025,9
25.12.2010,12
25.12.2011,4
25.12.2012,10
25.12.2013,17
25.12.2016,1
25.12.2017,14
25.12.2018,5
25.12.2019,5
25.12.2020,8
25.12.2021,2
25.12.2022,4
25.12.2023,9
25.12.2024,8
26.01.2011,66
26.01.2012,18
26.01.2013,4
26.01.2014,9
26.01.2017,16
26.01.2018,13
26.01.2019,9
26.01.2020,5
26.01.2021,5
26.01.2022,12
26.01.2023,15
26.01.2024,16
26.01.2025,4
26.02.2011,15
26.02.2012,5
26.02.2013,20
26.02.2014,21
26.02.2017,6
26.02.2018,14
26.02.2019,25
26.02.2020,10
26.02.2021,33
26.02.2022,2
26.02.2023,2
26.02.2024,19
26.02.2025,14
26.03.2011,12
26.03.2012,9
26.03.2013,13
26.03.2014,22
26.03.2018,18
26.03.2019,12
26.03.2020,9
26.03.2021,21
26.03.2022,7
26.03.2023,6
26.03.2024,7
26.03.2025,4
26.04.2011,14
26.04.2012,17
26.04.2013,16
26.04.2014,5
26.04.2017,16
26.04.2018,8
26.04.2019,4
26.04.2021,17
26.04.2022,17
26.04.2023,9
26.04.2024,19
26.04.2025,4
26.05.2011,8
26.05.2012,1
26.05.2013,6
26.05.2014,5
26.05.2017,5
26.05.2018,2
26.05.2019,3
26.05.2020,4
26.05.2021,8
26.05.2022,5
26.05.2023,5
26.05.2024,1
26.05.2025,5
26.06.2011,5
26.06.2012,10
26.06.2013,14
26.06.2016,6
26.06.2017,27
26.06.2018,15
26.06.2019,7
26.06.2020,5
26.06.2021,4
26.06.2022,2
26.06.2023,19
26.06.2024,15
26.06.2025,9
26.07.2011,9
26.07.2012,11
26.07.2013,10
26.07.2016,16
26.07.2017,10
26.07.2018,11
26.07.2019,9
26.07.2020,1
26.07.2021,22
26.07.2022,16
26.07.2023,11
26.07.2024,10
26.07.2025,3
26.08.2011,12
26.08.2012,3
26.08.2013,17
26.08.2016,13
26.08.2017,10
26.08.2018,2
26.08.2019,20
26.08.2020,7
26.08.2021,12
26.08.2022,12
26.08.2023,1
26.08.2024,8
26.08.2025,13
26.09.2011,16
26.09.2012,4
26.09.2013,16
26.09.2016,15
26.09.2017,18
26.09.2018,8
26.09.2019,12
26.09.2020,3
26.09.2021,4
26.09.2022,9
26.09.2023,7
26.09.2024,12
26.09.2025,12
26.10.2011,8
26.10.2012,4
26.10.2013,5
26.10.2016,8
26.10.2017,6
26.10.2018,12
26.10.2019,4
26.10.2020,5
26.10.2021,8
26.10.2022,13
26.10.2023,13
26.10.2024,3
26.10.2025,5
26.11.2011,6
26.11.2012,9
26.11.2013,17
26.11.2016,7
26.11.2017,1
26.11.2018,18
26.11.2019,4
26.11.2020,3
26.11.2021,6
26.11.2022,5
26.11.2023,4
26.11.2024,21
26.11.2025,19
26.12.2010,11
26.12.2011,14
26.12.2012,9
26.12.2013,5
26.12.2016,15
26.12.2017,12
26.12.2018,14
26.12.2019,6
26.12.2020,4
26.12.2021,2
26.12.2022,12
26.12.2023,7
26.12.2024,8
27.01.2011,60
27.01.2012,24
27.01.2013,5
27.01.2014,20
27.01.2017,12
27.01.2018,7
27.01.2019,6
27.01.2020,13
27.01.2021,13
27.01.2022,10
27.01.2023,10
27.01.2024,4
27.01.2025,16
27.02.2011,12
27.02.2012,16
27.02.2013,25
27.02.2014,16
27.02.2017,10
27.02.2018,14
27.02.2019,11
27.02.2020,16
27.02.2021,16
27.02.2023,19
27.02.2024,14
27.02.2025,15
27.03.2011,15
27.03.2012,15
27.03.2013,13
27.03.2014,13
27.03.2017,31
27.03.2018,13
27.03.2019,13
27.03.2020,6
27.03.2021,6
27.03.2022,4
27.03.2023,15
27.03.2024,6
27.03.2025,9
27.04.2011,22
27.04.2012,12
27.04.2013,5
27.04.2014,3
27.04.2017,16
27.04.2018,7
27.04.2019,2
27.04.2020,2
27.04.2021,24
27.04.2022,12
27.04.2023,12
27.04.2024,2
27.04.2025,2
27.05.2011,18
27.05.2012,9
27.05.2013,18
27.05.2014,16
27.05.2017,4
27.05.2018,3
27.05.2019,12
27.05.2020,4
27.05.2021,21
27.05.2022,11
27.05.2023,4
27.05.2024,14
27.05.2025,12
27.06.2011,17
27.06.2012,14
27.06.2013,12
27.06.2016,26
27.06.2017,23
27.06.2018,16
27.06.2019,9
27.06.2020,2
27.06.2021,4
27.06.2022,10
27.06.2023,12
27.06.2024,10
27.06.2025,12
27.07.2011,14
27.07.2012,6
27.07.2013,3
27.07.2016,20
27.07.2017,15
27.07.2018,9
27.07.2019,3
27.07.2020,8
27.07.2021,17
27.07.2022,18
27.07.2023,14
27.07.2024,1
27.07.2025,2
27.08.2011,3
27.08.2012,6
27.08.2013,12
27.08.2016,5
27.08.2017,8
27.08.2018,8
27.08.2019,10
27.08.2020,9
27.08.2021,15
27.08.2022,2
27.08.2023,1
27.08.2024,12
27.08.2025,14
27.09.2011,14
27.09.2012,7
27.09.2013,7
27.09.2016,20
27.09.2017,15
27.09.2018,10
27.09.2019,8
27.09.2020,2
27.09.2021,14
27.09.2022,11
27.09.2023,6
27.09.2024,13
27.09.2025,4
27.10.2011,12
27.10.2012,3
27.10.2013,5
27.10.2016,16
27.10.2017,15
27.10.2019,1
27.10.2020,5
27.10.2021,11
27.10.2022,9
27.10.2023,8
27.10.2024,4
27.10.2025,8
27.11.2011,2
27.11.2012,9
27.11.2013,17
27.11.2016,5
27.11.2017,7
27.11.2018,6
27.11.2019,12
27.11.2020,10
27.11.2021,3
27.11.2022,1
27.11.2023,13
27.11.2024,13
27.11.2025,14
27.12.2010,45
27.12.2011,18
27.12.2012,7
27.12.2013,8
27.12.2016,14
27.12.2017,12
27.12.2018,10
27.12.2019,7
27.12.2020,9
27.12.2021,15
27.12.2022,6
27.12.2023,6
27.12.2024,8
28.01.2011,45
28.01.2012,16
28.01.2013,27
28.01.2014,23
28.01.2017,8
28.01.2018,3
28.01.2019,18
28.01.2020,8
28.01.2021,10
28.01.2022,12
28.01.2023,6
28.01.2024,10
28.01.2025,13
28.02.2011,38
28.02.2012,22
28.02.2013,17
28.02.2014,17
28.02.2017,16
28.02.2018,16
28.02.2019,17
28.02.2020,18
28.02.2021,13
28.02.2022,12
28.02.2023,12
28.02.2024,18
28.02.2025,3
28.03.2011,22
28.03.2012,19
28.03.2013,15
28.03.2014,9
28.03.2017,19
28.03.2018,10
28.03.2019,17
28.03.2020,4
28.03.2021,6
28.03.2022,15
28.03.2023,13
28.03.2024,13
28.03.2025,18
28.04.2011,18
28.04.2012,4
28.04.2013,5
28.04.2014,18
28.04.2017,13
28.04.2018,7
28.04.2019,1
28.04.2020,2
28.04.2021,15
28.04.2022,16
28.04.2023,11
28.04.2024,6
28.04.2025,8
28.05.2011,5
28.05.2012,13
28.05.2013,7
28.05.2014,5
28.05.2017,3
28.05.2018,19
28.05.2019,12
28.05.2020,8
28.05.2021,22
28.05.2022,4
28.05.2023,5
28.05.2024,12
28.05.2025,6
28.06.2011,15
28.06.2012,13
28.06.2013,7
28.06.2016,18
28.06.2017,17
28.06.2018,10
28.06.2019,4
28.06.2020,7
28.06.2021,19
28.06.2022,11
28.06.2023,9
28.06.2024,6
28.06.2025,3
28.07.2011,10
28.07.2013,3
28.07.2016,9
28.07.2017,11
28.07.2018,4
28.07.2019,3
28.07.2020,6
28.07.2021,10
28.07.2022,13
28.07.2023,8
28.07.2024,1
28.07.2025,9
28.08.2011,1
28.08.2012,2
28.08.2013,3
28.08.2016,2
28.08.2017,10
28.08.2018,5
28.08.2019,2
28.08.2020,3
28.08.2021,6
28.08.2022,4
28.08.2023,4
28.08.2024,4
28.08.2025,1
28.09.2011,22
28.09.2012,3
28.09.2013,5
28.09.2016,20
28.09.2017,13
28.09.2018,5
28.09.2019,7
28.09.2020,9
28.09.2021,10
28.09.2022,6
28.09.2023,11
28.09.2024,1
28.09.2025,4
28.10.2011,16
28.10.2013,13
28.10.2016,13
28.10.2017,3
28.10.2018,2
28.10.2019,10
28.10.2020,6
28.10.2021,16
28.10.2022,10
28.10.2023,2
28.10.2024,10
28.10.2025,7
28.11.2011,11
28.11.2012,10
28.11.2013,13
28.11.2016,19
28.11.2017,7
28.11.2018,5
28.11.2019,13
28.11.2020,7
28.11.2022,15
28.11.2023,16
28.11.2024,7
28.11.2025,15
28.12.2010,27
28.12.2011,11
28.12.2012,7
28.12.2013,4
28.12.2016,11
28.12.2017,7
28.12.2018,3
28.12.2019,1
28.12.2020,12
28.12.2021,19
28.12.2022,7
28.12.2023,8
28.12.2024,3
29.01.2011,19
29.01.2012,9
29.01.2013,19
29.01.2014,21
29.01.2017,2
29.01.2018,15
29.01.2019,13
29.01.2020,13
29.01.2021,7
29.01.2022,4
29.01.2023,1
29.01.2024,12
29.01.2025,13
29.02.2012,24
29.02.2020,7
29.02.2024,17
29.03.2011,29
29.03.2012,6
29.03.2013,11
29.03.2014,8
29.03.2017,19
29.03.2018,13
29.03.2019,8
29.03.2020,1
29.03.2021,30
29.03.2022,11
29.03.2023,13
29.03.2024,5
29.03.2025,3
29.04.2011,14
29.04.2012,5
29.04.2013,17
29.04.2014,17
29.04.2017,5
29.04.2018,3
29.04.2019,5
29.04.2020,2
29.04.2021,14
29.04.2022,8
29.04.2024,9
29.04.2025,11
29.05.2011,9
29.05.2012,16
29.05.2013,18
29.05.2014,7
29.05.2017,13
29.05.2018,15
29.05.2019,9
29.05.2020,7
29.05.2021,3
29.05.2022,3
29.05.2023,16
29.05.2024,8
29.05.2025,13
29.06.2011,23
29.06.2012,17
29.06.2013,8
29.06.2016,16
29.06.2017,14
29.06.2018,9
29.06.2019,5
29.06.2020,10
29.06.2021,19
29.06.2022,12
29.06.2023,6
29.06.2024,5
29.06.2025,5
29.07.2011,9
29.07.2013,21
29.07.2016,14
29.07.2017,7
29.07.2018,1
29.07.2019,8
29.07.2020,6
29.07.2021,24
29.07.2022,12
29.07.2023,1
29.07.2024,19
29.07.2025,7
29.08.2011,11
29.08.2012,8
29.08.2013,13
29.08.2016,13
29.08.2017,19
29.08.2018,8
29.08.2019,9
29.08.2020,5
29.08.2021,4
29.08.2022,11
29.08.2023,6
29.08.2024,8
29.08.2025,4
29.09.2011,12
29.09.2012,3
29.09.2013,1
29.09.2016,15
29.09.2017,6
29.09.2018,3
29.09.2019,6
29.09.2020,12
29.09.2021,13
29.09.2022,19
29.09.2023,11
29.09.2024,1
29.09.2025,17
29.10.2011,7
29.10.2012,6
29.10.2013,17
29.10.2016,5
29.10.2017,3
29.10.2018,8
29.10.2019,14
29.10.2020,8
29.10.2021,12
29.10.2022,2
29.10.2023,2
29.10.2024,10
29.10.2025,14
29.11.2011,9
29.11.2012,13
29.11.2013,10
29.11.2016,16
29.11.2017,11
29.11.2018,8
29.11.2019,16
29.11.2020,4
29.11.2021,17
29.11.2022,16
29.11.2023,9
29.11.2024,13
29.11.2025,3
29.12.2010,42
29.12.2011,2
29.12.2012,5
29.12.2013,5
29.12.2016,7
29.12.2017,9
29.12.2018,3
29.12.2019,1
29.12.2020,2
29.12.2021,21
29.12.2022,4
29.12.2023,14
29.12.2024,3
30.01.2011,20
30.01.2012,25
30.01.2013,27
30.01.2014,17
30.01.2017,20
30.01.2018,14
30.01.2019,20
30.01.2020,17
30.01.2021,9
30.01.2022,15
30.01.2023,14
30.01.2024,13
30.01.2025,5
30.03.2011,24
30.03.2012,16
30.03.2013,3
30.03.2014,4
30.03.2017,15
30.03.2018,10
30.03.2019,6
30.03.2020,8
30.03.2021,24
30.03.2022,11
30.03.2023,16
30.03.2024,6
30.03.2025,8
30.04.2011,13
30.04.2012,11
30.04.2013,13
30.04.2014,14
30.04.2017,2
30.04.2018,14
30.04.2019,8
30.04.2020,8
30.04.2021,6
30.04.2022,1
30.04.2023,3
30.04.2024,7
30.04.2025,11
30.05.2011,25
30.05.2012,18
30.05.2013,8
30.05.2014,9
30.05.2017,12
30.05.2018,8
30.05.2019,12
30.05.2020,1
30.05.2021,10
30.05.2022,12
30.05.2023,21
30.05.2024,10
30.05.2025,10
30.06.2011,19
30.06.2012,9
30.06.2013,3
30.06.2016,28
30.06.2017,16
30.06.2018,2
30.06.2019,3
30.06.2020,13
30.06.2021,16
30.06.2022,6
30.06.2023,11
30.06.2024,1
30.06.2025,12
30.07.2011,4
30.07.2012,11
30.07.2013,12
30.07.2016,1
30.07.2017,9
30.07.2018,12
30.07.2019,7
30.07.2020,8
30.07.2021,15
30.07.2022,3
30.07.2023,6
30.07.2024,10
30.07.2025,13
30.08.2011,6
30.08.2012,7
30.08.2013,9
30.08.2016,14
30.08.2017,9
30.08.2018,17
30.08.2019,9
30.08.2020,6
30.08.2021,9
30.08.2022,14
30.08.2023,8
30.08.2024,10
30.08.2025,5
30.09.2011,8
30.09.2012,1
30.09.2013,11
30.09.2016,7
30.09.2017,6
30.09.2018,1
30.09.2019,11
30.09.2020,5
30.09.2021,11
30.09.2022,6
30.09.2023,3
30.09.2024,19
30.09.2025,11
30.10.2011,4
30.10.2012,6
30.10.2013,22
30.10.2016,3
30.10.2017,11
30.10.2018,10
30.10.2019,12
30.10.2020,6
30.10.2021,3
30.10.2022,9
30.10.2023,14
30.10.2024,7
30.10.2025,6
30.11.2011,15
30.11.2012,8
30.11.2013,5
30.11.2016,17
30.11.2017,15
30.11.2018,6
30.11.2019,4
30.11.2020,7
30.11.2021,67
30.11.2022,11
30.11.2023,11
30.11.2024,4
30.12.2010,14
30.12.2011,7
30.12.2012,2
30.12.2013,6
30.12.2016,10
30.12.2017,2
30.12.2018,2
30.12.2019,6
30.12.2020,5
30.12.2021,17
30.12.2022,2
30.12.2023,1
30.12.2024,5
31.01.2011,53
31.01.2012,18
31.01.2013,19
31.01.2014,19
31.01.2017,13
31.01.2018,15
31.01.2019,16
31.01.2020,11
31.01.2021,4
31.01.2022,31
31.01.2023,14
31.01.2024,13
31.01.2025,9
31.03.2011,22
31.03.2012,5
31.03.2013,1
31.03.2014,27
31.03.2017,12
31.03.2018,4
31.03.2019,4
31.03.2020,5
31.03.2021,17
31.03.2022,10
31.03.2023,17
31.03.2024,9
31.03.2025,11
31.05.2011,22
31.05.2012,12
31.05.2013,3
31.05.2017,15
31.05.2018,10
31.05.2019,8
31.05.2020,3
31.05.2021,19
31.05.2022,14
31.05.2023,17
31.05.2024,9
31.05.2025,4
31.07.2011,7
31.07.2012,12
31.07.2013,13
31.07.2017,16
31.07.2018,12
31.07.2019,10
31.07.2020,6
31.07.2021,6
31.07.2022,1
31.07.2023,11
31.07.2024,8
31.07.2025,9
31.08.2011,15
31.08.2012,8
31.08.2013,3
31.08.2016,14
31.08.2017,11
31.08.2018,3
31.08.2019,6
31.08.2020,15
31.08.2021,14
31.08.2022,7
31.08.2023,8
31.08.2024,3
31.08.2025,3
31.10.2011,11
31.10.2012,5
31.10.2013,10
31.10.2016,15
31.10.2017,8
31.10.2018,7
31.10.2019,10
31.10.2020,1
31.10.2021,2
31.10.2022,14
31.10.2023,10
31.10.2024,13
31.10.2025,13
31.12.2010,17
31.12.2011,5
31.12.2012,4
31.12.2013,4
31.12.2016,1
31.12.2017,2
31.12.2018,8
31.12.2019,4
31.12.2021,6
31.12.2022,1
31.12.2023,2
31.12.2024,3
